<?xml version="1.0" encoding="utf-8" ?><dwsync><file name="Chapter07_WanderBoard-Assets.zip" server="rorylewis.com/rorylewis.com/" local="3422209924" remote="12015429872" /><file name="Chapter07_wanderBoard.zip" server="rorylewis.com/rorylewis.com/" local="3420493074" remote="12015429872" /><file name="Chapter01_Demomonkey.zip" server="rorylewis.com/rorylewis.com/" local="3421517161" remote="12015429752" /><file name="Chapter02_helloAlien Files.zip" server="rorylewis.com/rorylewis.com/" local="3421517713" remote="12015429752" /><file name="Chapter02_helloAlien.zip" server="rorylewis.com/rorylewis.com/" local="3421517716" remote="12015429752" /><file name="Chapter03_flickrPhotomap Files.zip" server="rorylewis.com/rorylewis.com/" local="3421517719" remote="12015429752" /><file name="Chapter03_FlickrPhotoMap.zip" server="rorylewis.com/rorylewis.com/" local="3425392317" remote="12015429752" /><file name="Chapter04_utilityScales Assets.zip" server="rorylewis.com/rorylewis.com/" local="3421524989" remote="12015429752" /><file name="Chapter04_utiltyScales.zip" server="rorylewis.com/rorylewis.com/" local="3421524993" remote="12015429812" /><file name="Chapter05_futureTravel Assets.zip" server="rorylewis.com/rorylewis.com/" local="3421517557" remote="12015429812" /><file name="Chapter05_futureTravel.zip" server="rorylewis.com/rorylewis.com/" local="3421517560" remote="12015429872" /><file name="Chapter06_bookManager Assets.zip" server="rorylewis.com/rorylewis.com/" local="3421517565" remote="12015429872" /><file name="Chapter06_bookManager.zip" server="rorylewis.com/rorylewis.com/" local="3421517567" remote="12015429872" /></dwsync>